pos_words,pos_counts,neu_words,neu_counts,neg_words,neg_counts
climate,9133,change,2755,climate,6117
change,8995,climate,2732,change,6093
president,2131,say,678,say,1631
say,1974,president,650,president,1304
go,1688,go,463,go,1003
think,1543,trump,401,think,940
issue,1435,think,398,trump,887
trump,1278,issue,350,people,757
like,1159,talk,327,issue,655
get,1142,people,309,talk,596
talk,1074,get,304,get,596
make,1064,believe,276,believe,588
people,1001,know,266,one,507
want,933,one,265,know,506
one,931,make,238,make,502
know,904,come,236,world,464
state,818,see,220,want,458
believe,811,take,218,come,453
come,797,obama,214,hoax,441
world,759,want,190,take,426
paris,757,time,182,obama,421
take,744,look,181,threat,413
would,712,right,178,would,407
see,710,world,166,right,386
agreement,692,deal,164,fight,385
right,689,paris,162,see,381
obama,680,question,161,time,374
unite,606,new,159,global,364
well,605,would,158,real,339
global,594,back,157,look,334
energy,591,real,155,like,331
deal,585,today,151,paris,331
look,567,happen,138,call,326
time,542,lot,138,donald,322
also,515,state,138,lot,309
good,514,meet,131,state,303
new,508,pope,125,new,296
real,497,house,125,science,291
thank,482,something,123,today,284
pope,478,science,123,deal,284
back,478,big,118,back,278
things,471,like,117,question,272
work,461,years,114,problem,272
need,459,last,114,also,253
lot,459,first,114,happen,248
question,453,country,112,really,240
today,437,work,111,things,240
really,434,let,111,work,237
much,422,also,111,way,229
care,421,administration,110,pope,228
something,416,way,108,something,227
country,411,things,107,many,224
job,407,need,105,cause,220
donald,406,many,103,even,216
way,399,global,102,need,215
let,399,white,101,whether,214
clean,394,could,99,could,213
warm,383,try,99,house,212
important,382,whether,99,terrorism,211
house,370,much,98,years,209
could,364,call,97,much,209
big,363,donald,97,administration,208
first,360,human,96,let,208
clinton,350,tell,95,warm,205
interest,348,ask,93,tell,205
america,340,hear,92,country,204
hear,340,plan,92,first,202
whether,333,live,91,clinton,202
even,324,even,91,big,198
happen,321,clinton,88,still,197
give,321,two,85,war,196
white,318,put,85,white,195
thing,315,gore,85,security,188
meet,309,thing,84,ask,188
ask,304,really,83,scientists,186
help,302,concern,82,national,184
address,301,point,81,deny,183
security,298,cause,81,epa,181
great,298,give,80,fact,179
last,296,week,79,next,178
call,294,move,78,face,177
science,291,epa,78,try,177
next,291,reporter,77,hear,176
try,289,leave,76,well,176
put,287,al,76,reporter,172
party,287,address,75,put,172
administration,287,around,74,debate,167
two,282,fight,73,american,167
tell,282,impact,71,attack,166
years,281,environmental,71,planet,162
fight,281,part,70,around,159
hoax,280,campaign,70,last,158
around,278,policy,69,two,158
part,269,use,69,leave,157
american,265,different,69,give,157
many,265,debate,68,use,156
campaign,263,accord,68,thing,155
leave,259,speak,68,part,155
national,249,day,68,america,153
point,247,american,67,combat,153
support,246,well,66,job,152
still,245,action,66,point,152
gore,245,next,66,crisis,151
china,244,sanders,65,campaign,151
agree,244,republicans,65,biggest,150
reporter,244,america,65,address,148
immigration,242,show,65,leaders,148
policy,240,every,63,meet,148
debate,238,year,63,hillary,143
live,237,lead,63,mean,143
start,234,national,63,view,142
countries,233,view,63,important,142
speak,233,may,62,already,141
lead,230,position,62,report,140
plan,228,activity,62,live,139
focus,228,security,62,plan,139
republican,227,immigration,61,isis,138
hillary,225,leadership,61,lead,138
bring,225,hoax,61,start,138
al,224,bring,59,week,137
sure,223,mean,59,may,133
accord,223,still,59,terror,133
move,222,leaders,58,republican,132
trade,221,hillary,57,china,132
action,221,focus,57,course,131
environment,219,actually,56,immigration,131
health,219,rise,56,republicans,130
mean,218,effect,56,focus,130
show,215,alaska,56,impact,127
join,212,man,56,chinese,124
leaders,211,republican,56,concern,123
economy,211,already,55,another,123
concern,209,fact,55,move,123
impact,206,job,55,rise,122
fact,204,vote,54,speak,121
together,203,scientists,54,human,120
planet,203,pruitt,54,political,119
protect,201,planet,53,gore,119
use,201,order,53,energy,118
year,200,carbon,53,sanders,118
day,198,secretary,53,answer,117
epa,196,head,53,year,116
actually,196,washington,53,unite,116
sanders,195,place,53,continue,116
clear,193,government,52,day,115
secretary,193,sign,52,stop,114
human,191,understand,52,ca,113
week,189,threat,52,head,112
top,189,political,51,seem,112
every,188,countries,51,economy,112
create,185,conference,51,denier,111
understand,184,continue,51,run,110
find,184,seem,51,action,110
cause,183,do,50,wrong,110
combat,183,term,50,trade,109
play,183,congress,49,actually,109
yes,182,china,48,accord,109
number,180,start,48,summit,108
republicans,180,warm,48,money,108
political,176,energy,48,vote,107
do,174,number,47,effect,107
power,174,level,47,problems,107
report,173,mind,47,democrats,105
answer,173,answer,47,show,104
scientists,173,trade,46,al,104
democrats,171,open,46,environmental,103
stand,170,york,46,man,103
view,170,bernie,46,countries,102
position,168,unite,46,number,102
end,168,join,45,position,101
carbon,166,run,45,news,101
another,166,find,45,york,101
sign,166,march,44,serious,101
government,166,side,44,guy,100
effect,165,expect,43,policy,100
course,165,course,43,gun,100
seem,165,discuss,43,water,99
term,164,another,43,word,99
decision,164,important,43,worry,99
feel,163,former,43,weather,99
challenge,163,summit,43,every,97
pull,160,include,43,major,96
keep,159,kind,43,fuel,96
continue,159,news,43,bring,96
may,158,report,43,level,95
future,158,fuel,42,pruitt,95
environmental,157,ca,42,include,94
include,155,matter,42,international,94
bernie,155,senator,42,end,94
vote,154,tonight,42,tweet,94
economic,153,agency,42,bill,94
bill,153,together,42,disagree,92
man,152,face,42,speech,92
threat,151,hold,41,nuclear,92
better,150,set,41,carbon,91
emissions,149,visit,41,stand,91
tax,149,arctic,41,kind,91
role,149,study,41,future,91
message,148,listen,41,find,90
morning,147,word,40,together,89
fuel,145,tweet,40,create,89
break,145,money,40,poverty,89
money,145,executive,40,break,89
congress,145,scott,40,bad,89
water,144,end,39,agree,89
international,144,governor,39,government,89
business,143,international,39,election,89
kind,143,economy,39,bernie,89
ca,143,far,39,understand,89
problem,143,agreement,39,term,88
air,143,feel,38,different,88
place,142,north,38,reality,88
senator,142,media,38,side,88
step,141,iran,38,maybe,88
york,140,conversation,38,environment,87
summit,140,general,38,warn,87
matter,140,keep,38,expect,86
best,140,ago,38,power,86
hope,139,storm,38,policies,86
face,138,little,37,care,86
guy,137,water,37,hard,86
agenda,135,emissions,37,secretary,86
chinese,134,contribute,37,americans,85
former,132,major,37,listen,84
news,131,california,37,washington,84
raise,130,step,37,sea,84
push,130,power,37,away,84
nations,130,speech,37,pay,84
maybe,130,democrats,37,blame,83
francis,129,record,37,ahead,83
run,129,stand,37,congress,83
democratic,129,sort,37,russia,82
major,129,florida,37,act,82
leader,128,away,37,kill,81
free,128,problem,36,conference,81
americans,127,biggest,36,ago,81
set,127,sit,36,senator,81
certainly,127,build,36,women,81
tonight,127,everything,36,might,80
away,126,future,36,keep,80
public,126,bill,36,record,79
ahead,125,policies,36,emissions,79
level,125,reason,35,worse,79
head,125,isis,35,deniers,79
love,124,since,35,decision,79
might,122,never,35,threats,78
rise,122,sea,35,former,77
stay,121,weather,34,fossil,76
different,121,become,34,do,76
sort,120,americans,34,agenda,76
record,120,message,34,oil,76
ago,119,francis,34,place,76
storm,119,across,34,mention,75
pretty,119,chinese,34,yesterday,74
welcome,118,good,34,far,74
always,117,watch,34,become,74
expect,117,trip,33,message,74
listen,117,agenda,33,scott,74
russia,117,home,33,francis,73
earth,117,stay,33,since,73
leadership,116,deny,33,risk,73
strong,116,three,33,air,73
open,116,flood,33,good,73
build,115,environment,33,poor,72
alaska,115,ahead,33,join,72
spend,115,fossil,32,spend,72
speech,114,decision,32,fire,72
everything,114,combat,32,media,72
forward,114,party,32,raise,71
word,114,reality,32,everything,71
reason,114,income,32,affect,71
gas,113,leader,32,pipeline,70
washington,113,industry,32,little,70
conference,113,yesterday,31,reason,69
governor,113,almost,31,study,69
coal,113,inequality,31,california,69
become,112,enough,31,health,69
far,112,push,31,governor,69
example,112,whole,31,storm,69
mind,112,help,31,scientific,69
inequality,111,maybe,31,lose,68
discuss,111,tax,31,cut,68
order,111,women,31,top,68
side,111,pull,31,help,68
since,110,couple,30,company,68
weather,110,later,30,general,68
promise,110,mention,30,push,67
system,109,begin,30,public,67
department,108,act,30,military,67
ever,108,spend,30,nations,67
yeah,107,break,30,sign,67
affect,106,coal,30,regulations,67
base,106,guy,30,keystone,66
anything,106,regulations,30,step,66
pruitt,106,community,29,threaten,65
fossil,105,challenge,29,system,65
mention,105,night,29,past,65
voters,105,press,29,build,65
name,104,russia,29,forward,65
women,103,serious,29,coal,64
true,103,interest,29,open,64
politics,102,key,29,feel,64
never,102,plus,29,john,64
act,101,miami,29,anything,64
general,100,hurricane,29,activity,63
company,100,read,29,nothing,63
long,99,tillerson,29,interest,63
income,99,example,29,florida,63
presidential,99,oppose,28,someone,63
turn,99,cnn,28,refuse,62
hold,99,gas,28,line,62
save,99,long,28,remember,62
able,98,vice,28,press,62
already,98,protection,28,sort,62
begin,97,anything,28,department,62
tweet,97,front,28,across,61
days,96,ivanka,28,challenge,61
little,96,everybody,27,evidence,61
night,96,democratic,27,tax,61
life,96,morning,27,matter,61
reform,95,generation,27,gas,61
watch,95,past,27,candidate,61
candidate,95,economic,27,quote,60
bite,95,life,27,march,60
industry,95,thank,27,discuss,60
election,95,turn,27,agreement,60
share,94,wall,27,less,60
huge,94,case,27,tonight,60
justice,94,without,26,nation,60
respect,94,city,26,economic,59
college,93,protect,26,reject,59
oil,93,wo,26,longer,59
john,93,public,26,community,59
reach,93,oil,26,pull,59
conversation,93,voters,26,sure,58
whole,93,weeks,25,destroy,58
green,93,idea,25,never,58
activity,92,humans,25,yet,58
policies,92,story,25,iran,58
moment,91,group,25,die,57
win,91,health,25,contribute,57
pay,90,reduce,25,idea,57
idea,90,john,25,candidates,57
iran,90,able,25,group,57
grow,90,affect,25,city,57
increase,89,children,25,control,57
home,89,forward,25,couple,57
across,89,historic,25,alaska,57
past,89,send,25,visit,57
obviously,89,quote,25,agency,57
community,88,department,25,flood,56
commit,88,scientific,24,probably,56
hard,88,temperatures,24,almost,56
nuclear,88,days,24,dangerous,56
person,88,merkel,24,everybody,56
florida,88,reporters,24,base,56
fund,87,earlier,24,days,55
young,87,thousands,24,federal,55
wall,86,tomorrow,24,worst,55
three,86,stop,24,senate,55
reduce,85,earth,24,front,55
opportunity,85,politics,24,mind,55
social,85,perhaps,24,always,55
press,85,care,24,fund,55
okay,85,company,24,stay,55
chris,85,role,24,clear,54
biggest,85,control,24,three,54
nation,85,roll,24,north,54
case,85,base,24,earth,54
absolutely,84,administrator,24,name,54
weeks,84,putin,24,claim,54
decide,83,always,24,without,53
scientist,83,nothing,23,example,53
yesterday,83,follow,23,police,53
sea,83,fund,23,hurt,53
especially,82,poll,23,argument,53
enough,82,nations,23,protect,53
cut,82,moment,23,list,53
rest,82,least,23,suggest,53
california,81,suggest,23,middle,53
saw,80,saw,23,pick,52
greatest,80,essentially,23,set,52
line,80,facts,23,leadership,52
history,80,touch,22,home,52
program,80,grind,22,industry,52
withdraw,80,explain,22,saw,52
foreign,79,release,22,bigger,52
solution,79,agree,22,order,52
serious,79,six,22,wage,52
executive,78,hour,22,efforts,51
millions,78,risk,22,ever,51
trip,77,angela,22,children,51
almost,77,claim,21,night,51
deny,77,bite,21,among,51
hand,77,announce,21,protest,51
middle,77,probably,21,wall,51
everyone,77,ever,21,drought,50
story,77,among,21,morning,50
list,76,pass,21,scientist,50
though,76,defend,21,enough,50
second,76,gun,21,thousands,50
hour,76,high,21,reduce,50
kid,76,conservatives,21,begin,50
stop,76,ally,21,moment,50
least,76,chris,21,extreme,50
scientific,75,father,21,doubt,50
cnn,75,business,21,kid,50
discussion,75,efforts,21,thank,50
later,75,several,21,obviously,50
announce,75,walk,21,coast,49
girl,75,settle,20,play,49
someone,75,foreign,20,leader,49
elect,75,somebody,20,key,49
isis,74,raise,20,watch,49
clearly,74,events,20,absolutely,49
education,74,name,20,life,48
comment,73,system,20,battle,48
wage,72,late,20,response,48
key,72,rest,20,fear,48
grind,72,officials,20,business,48
special,72,either,20,comment,48
military,72,close,20,officials,48
hop,72,learn,20,relate,48
tackle,72,gather,20,team,48
city,72,senate,20,sit,47
folks,72,might,20,high,47
earlier,71,program,20,read,47
yet,71,wonder,20,cost,47
visit,71,extreme,19,long,47
lose,71,mark,19,particularly,47
office,71,scientist,19,great,46
nothing,71,hard,19,wo,46
behind,71,detail,19,politics,46
surprise,70,topic,19,entire,46
everybody,70,second,19,arctic,46
humans,70,though,19,especially,46
contribute,70,reaction,19,support,46
tomorrow,69,syria,19,earlier,46
quote,69,aim,19,grind,45
applause,69,middle,19,pollution,45
vice,69,yet,19,whole,45
sound,68,line,19,ban,45
scott,68,history,19,party,45
senate,68,acknowledge,19,vice,45
agency,68,create,19,disaster,44
couple,67,election,19,oppose,44
group,67,prepare,19,hold,44
children,67,ice,19,others,44
court,67,denier,19,millions,44
north,67,pick,19,story,44
remember,67,million,19,involve,44
progress,66,greg,19,urgent,44
study,66,worry,18,cnn,44
hurricane,66,else,18,person,44
single,66,candidates,18,movement,44
tillerson,66,street,18,else,43
legislation,65,sense,18,role,43
significant,65,moral,18,turn,43
probably,65,develop,18,able,43
perhaps,65,center,18,ways,43
march,65,information,18,data,43
write,64,support,18,case,43
pollution,64,nation,18,information,43
interview,64,travel,18,consider,43
somebody,64,candidate,18,chris,43
school,64,someone,18,lie,42
poll,63,marriage,18,exactly,42
appreciate,63,massive,18,devastate,42
effort,63,result,18,plant,42
approach,63,comment,18,hit,42
acknowledge,63,absolutely,18,directly,42
legacy,63,relate,18,conversation,42
rule,63,difference,18,basically,42
pick,63,board,18,difficult,42
sit,62,present,18,roll,42
flood,62,consider,18,greg,42
front,62,air,18,release,41
without,62,trail,18,bite,41
peace,62,interview,18,damage,41
regulations,62,hurricanes,18,plus,41
others,61,decide,18,force,41
event,61,federal,18,though,41
federal,61,discussion,17,poll,41
happy,61,presidential,17,everyone,41
develop,61,rally,17,skeptics,41
natural,61,race,17,weeks,41
members,61,top,17,sound,40
officials,61,announcement,17,humans,40
powerful,60,nuclear,17,liberal,40
candidates,60,legislation,17,office,40
follow,60,return,17,defend,40
less,60,behind,17,presidential,40
barack,60,friday,17,inequality,40
send,60,men,17,four,40
accept,60,obviously,17,europe,40
gun,60,heat,17,hurricanes,40
miami,60,joe,17,possible,39
coast,59,entire,17,ice,39
areas,59,sure,17,conflict,39
common,59,family,17,significant,39
plus,59,technology,17,tackle,39
ready,59,exist,17,massive,39
transition,59,others,17,block,39
minimum,58,involve,17,program,39
exactly,58,brief,17,sense,39
else,58,especially,17,least,39
regard,58,literally,17,hour,39
several,58,remember,17,shoot,39
syria,58,office,17,death,39
chance,58,small,17,must,39
statement,58,immediate,17,temperatures,39
greenhouse,57,cover,16,greenhouse,39
basically,57,folks,16,minimum,39
ways,57,india,16,accept,39
certain,57,degrees,16,voters,39
reality,57,island,16,alone,39
transform,57,keystone,16,tillerson,39
roll,57,mayor,16,bush,38
marriage,56,person,16,critics,38
church,56,refugees,16,hurricane,38
opinion,56,grow,16,second,38
among,56,post,16,terrorist,38
billion,56,pollution,16,send,38
generation,56,social,16,stuff,38
infrastructure,56,plant,16,announce,38
liberal,56,majority,16,clean,38
team,56,possible,16,center,38
learn,55,basically,16,skeptic,38
putin,55,respond,16,refugees,38
historic,55,subject,16,solve,38
close,55,college,16,rest,38
force,55,areas,16,syria,37
hit,55,beyond,16,decide,37
stage,55,opinion,16,likely,37
sense,55,largest,16,link,37
europe,55,consensus,16,follow,37
events,54,attack,16,amount,37
fair,54,suppose,16,latest,37
oppose,54,clean,16,write,37
months,54,hundreds,16,democratic,37
responsible,54,recent,16,nobody,37
renewable,54,ways,16,hand,37
consider,54,young,16,discussion,37
please,54,coast,16,france,37
street,54,anyone,16,jam,37
father,54,website,16,critical,36
cost,54,regard,16,event,36
efforts,54,team,16,foreign,36
truth,54,spicer,16,college,36
millennials,54,era,16,true,36
read,53,korea,16,tucker,36
along,53,degree,16,argue,35
particularly,53,military,16,later,35
million,53,definition,16,behind,35
ivanka,53,will,15,single,35
relationship,52,statement,15,reform,35
majority,52,guess,15,law,35
involve,52,warn,15,respond,35
expand,52,force,15,attorney,35
wo,52,coverage,15,invent,35
latest,51,melt,15,perpetrate,35
pipeline,51,effort,15,difference,34
center,51,clear,15,heat,34
massive,51,kid,15,korea,34
arctic,51,five,15,tough,34
likely,51,church,15,hours,34
control,51,certainly,15,suffer,34
note,51,private,15,increase,34
century,51,stories,15,transition,34
cuba,51,potential,15,touch,34
quite,51,voice,15,despite,34
difference,51,add,15,criticize,34
possible,51,obamacare,15,east,34
supporters,51,wait,15,executive,34
cities,51,land,15,skeptical,34
super,50,exactly,15,marriage,33
ability,50,data,15,limit,33
problems,50,green,15,conservative,33
supreme,50,manmade,15,fall,33
wait,50,disagree,15,areas,33
defense,50,agencies,15,alarm,33
goal,49,research,15,manmade,33
claim,49,page,15,stance,33
subject,49,steve,15,young,33
risk,49,withdraw,15,transform,33
voice,49,wrong,15,exist,33
ally,49,tucker,15,families,33
high,49,transition,14,generations,33
dollars,49,along,14,opportunity,33
hurricanes,49,cut,14,fox,33
differences,48,half,14,acknowledge,33
ice,48,finally,14,mayor,33
six,48,everyone,14,terrorists,33
value,48,increase,14,folks,32
solve,48,democrat,14,instead,32
despite,48,eye,14,oklahoma,32
agreements,48,outside,14,green,32
conservative,48,abortion,14,yeah,32
represent,48,specific,14,trip,32
attention,47,influence,14,protesters,32
must,47,liberal,14,eye,32
jim,47,panel,14,attention,32
wealth,47,sunday,14,history,32
bush,47,host,14,charge,32
choose,47,official,14,minutes,32
post,47,attorney,14,million,32
embrace,47,chance,14,close,32
nice,47,east,14,certainly,32
specifically,47,nato,14,grow,32
protection,47,picture,14,exxon,32
largest,46,single,14,miami,32
keystone,46,wage,14,seriously,32
race,46,fire,14,class,32
manmade,46,likely,14,pass,32
extreme,46,hottest,14,administrator,32
explain,46,drought,14,abortion,31
affordable,46,throughout,14,months,31
temperatures,46,months,14,south,31
drive,46,minutes,14,decades,31
topic,46,lose,14,income,31
figure,46,bad,14,room,31
land,46,deniers,14,crazy,31
landmark,46,woman,14,pose,31
denier,46,nbc,14,better,31
result,45,relationship,13,travel,31
limit,45,hours,13,generation,31
process,45,kerry,13,putin,31
soon,45,greenhouse,13,consensus,31
minutes,45,jim,13,fake,31
will,45,battle,13,street,31
france,45,legacy,13,withdraw,31
citizens,45,latest,13,demand,30
growth,45,cap,13,conservatives,30
prize,45,topics,13,weapons,30
personal,44,strategy,13,rule,30
relate,44,charge,13,controversial,30
particular,44,range,13,aggressive,30
release,44,south,13,trouble,30
cover,44,list,13,sue,30
response,44,evidence,13,beyond,30
stronger,44,represent,13,facts,30
research,44,shoot,13,perhaps,30
hours,44,france,13,result,30
guess,44,less,13,target,30
add,44,cities,13,month,30
nominee,44,reform,13,cities,30
engage,44,yeah,13,reach,30
mark,44,tower,13,consequences,30
allow,44,whatever,13,board,30
environmentalists,44,streets,13,frankly,30
girls,44,harder,13,enemy,30
worry,43,cabinet,13,somebody,30
family,43,third,13,lack,30
heat,43,rex,13,either,30
crisis,43,west,13,defeat,29
ten,43,series,13,surprise,29
influence,43,direct,13,west,29
plant,43,true,13,post,29
aim,43,houston,13,century,29
throughout,43,juan,13,barack,29
doubt,43,common,12,land,29
media,43,due,12,detail,29
opportunities,43,accept,12,events,29
main,43,threaten,12,along,29
cheer,43,pipeline,12,politicians,29
negotiate,43,area,12,learn,29
instead,43,sell,12,moral,29
nobel,43,barack,12,drive,29
catholic,42,cost,12,violence,29
joe,42,within,12,degree,29
amount,42,rule,12,defense,29
facts,42,soon,12,whatever,29
advance,42,short,12,school,29
encourage,42,congressman,12,ignore,29
priority,42,hit,12,ivanka,29
commitment,42,rubio,12,protection,29
winner,42,arrive,12,cold,29
oh,42,huge,12,severe,28
book,41,ones,12,miss,28
safety,41,must,12,five,28
south,41,temperature,12,burn,28
families,41,greatest,12,effort,28
progressive,41,remain,12,civil,28
either,41,connect,12,quite,28
finally,41,french,12,avoid,28
exxon,41,drive,12,distraction,28
merkel,41,minimum,12,yes,28
whatever,41,prove,12,research,28
jam,41,school,12,topic,28
towards,40,inside,12,regard,28
temperature,40,presidency,12,pressure,28
table,40,early,12,food,28
chief,40,mike,12,wonder,28
solar,40,town,12,juan,28
eye,40,oklahoma,12,gay,27
east,40,month,12,texas,27
month,40,old,12,several,27
importance,40,experience,12,goal,27
discussions,40,correspondent,12,fail,27
specific,40,longer,12,small,27
exist,40,protest,12,spread,27
longer,40,aggressive,12,disasters,27
battle,40,occur,12,headline,27
invest,40,decisions,12,unfortunately,27
european,40,response,12,race,27
shoot,40,book,12,subject,27
suggest,40,class,12,greatest,27
korea,40,demand,11,rally,27
serve,40,summer,11,black,27
bad,40,stuff,11,strike,27
describe,39,situation,11,process,27
stick,39,shift,11,reaction,27
large,39,limit,11,billion,27
information,39,chief,11,interview,27
india,39,burn,11,situation,27
five,39,process,11,iraq,26
recent,39,reverse,11,communities,26
obamacare,39,moments,11,half,26
evidence,39,specifically,11,develop,26
friends,39,stance,11,wake,26
favor,39,members,11,recent,26
religious,39,room,11,trail,26
within,39,buy,11,describe,26
frankly,39,particularly,11,oh,26
manufacture,39,weekend,11,disappear,26
higher,39,anybody,11,page,26
technology,39,opportunity,11,regulation,26
cancel,39,consequences,11,essentially,26
sean,39,december,11,priority,26
macron,39,pay,11,religion,26
prepare,38,primary,11,will,26
degree,38,nature,11,check,26
website,38,season,11,education,26
shift,38,committee,11,activists,26
late,38,dismantle,11,dollars,26
degrees,38,twitter,11,repeatedly,26
wind,38,play,11,evil,26
measure,38,unless,11,jesse,26
businesses,38,hand,11,mistake,25
walk,38,kelly,11,note,25
recognize,38,bush,11,melt,25
goals,38,law,11,wait,25
warmer,38,cia,11,dangers,25
age,38,quite,11,immediate,25
simple,38,figure,11,fair,25
reaction,38,fly,11,twitter,25
god,37,prevent,10,rather,25
abortion,37,minister,10,host,25
easy,37,stake,10,perspective,25
benefit,37,jerry,10,okay,25
announcement,37,brown,10,prepare,25
third,37,attend,10,danger,25
travel,37,anymore,10,elect,25
series,37,alaskan,10,hate,25
check,37,highlight,10,private,25
beyond,37,site,10,islam,25
data,37,thursday,10,vatican,24
refugees,37,stage,10,chance,24
gay,37,development,10,due,24
thousands,37,capitalism,10,capitalism,24
safe,37,depend,10,catholic,24
seven,37,joint,10,explain,24
link,37,embrace,10,harm,24
outside,37,conservative,10,jim,24
cabinet,37,receive,10,drill,24
stuff,37,cuba,10,catastrophic,24
billions,37,crisis,10,within,24
page,37,four,10,justice,24
minister,36,vatican,10,often,24
nearly,36,husband,10,immigrants,24
host,36,simply,10,recognize,24
defend,36,large,10,measure,24
wrong,36,tackle,10,outside,24
drill,36,region,10,growth,24
communities,36,russian,10,finally,24
tough,36,recognize,10,hundreds,24
class,36,education,10,cabinet,24
decades,36,urge,10,simple,24
freedom,36,block,10,torture,24
rally,36,solar,10,agencies,24
french,36,throw,10,illegal,24
steve,36,note,10,sean,24
bret,36,differences,10,leak,24
prime,35,union,10,book,23
urgent,35,hope,10,tie,23
cooperation,35,millennials,10,draft,23
popular,35,lobby,10,final,23
final,35,source,10,men,23
pass,35,jar,10,kerry,23
december,35,sue,10,dispute,23
conservatives,35,account,10,struggle,23
private,35,europe,10,court,23
experience,35,sean,10,source,23
protest,35,write,10,brown,23
burn,35,review,10,huge,23
urge,35,louisiana,10,criticism,23
ensure,35,directly,10,criminal,23
positive,35,form,10,correspondent,23
priorities,35,simple,10,family,23
present,35,macron,10,accuse,23
law,35,predict,10,remark,23
instance,35,particular,10,congressman,23
development,35,somehow,10,mark,23
criminal,35,hot,9,denial,23
suppose,35,previous,9,historic,23
short,35,fair,9,account,23
promote,35,approach,9,present,23
dicaprio,35,convince,9,website,23
anyone,35,instance,9,mock,23
primary,35,factor,9,apparently,23
talents,35,goal,9,area,23
platform,35,encyclical,9,failure,23
rather,35,democracy,9,opinion,23
tower,35,instead,9,approach,23
terrorism,34,afternoon,9,chief,23
poverty,34,zero,9,zero,23
moral,34,decade,9,hell,23
generations,34,jake,9,budget,23
board,34,rate,9,radical,23
slow,34,seriously,9,admit,22
kerry,34,frankly,9,canada,22
directly,34,manufacture,9,common,22
full,34,carson,9,relationship,22
maximize,34,reagan,9,reference,22
pledge,34,relations,9,double,22
due,34,perspective,9,dramatic,22
brown,34,describe,9,welcome,22
blame,34,appeal,9,contradict,22
solutions,34,religious,9,return,22
confidence,34,dana,9,stake,22
resources,34,solve,9,anybody,22
market,34,reach,9,experience,22
mike,34,meanwhile,9,bear,22
angela,34,oh,9,director,22
convince,34,recently,9,throw,22
tuition,33,contributions,9,low,22
strategy,33,personal,9,french,22
literally,33,miss,9,truth,22
respond,33,promise,9,compare,22
anybody,33,exit,9,previous,22
democrat,33,threats,9,primary,22
skeptic,33,great,9,occur,22
entire,33,atmosphere,9,fix,22
men,33,closely,9,totally,22
remain,33,advocate,9,current,22
threaten,33,ocean,9,drop,22
woman,33,rid,9,legacy,22
cruz,33,remark,9,fast,22
buy,33,ted,9,nominee,22
intelligence,33,cruz,9,choice,22
spicer,33,dollars,9,clearly,22
food,32,arm,9,pentagon,22
document,32,doubt,9,settle,22
signal,32,attention,9,brief,22
essentially,32,okay,9,strategy,21
target,32,staff,9,weigh,21
price,32,ought,9,potential,21
germany,32,tone,9,germany,21
connect,32,curb,9,weekend,21
proud,32,mayors,9,save,21
mayor,32,confirmation,9,members,21
deliver,32,publicly,9,murder,21
ambitious,32,measure,9,price,21
type,32,language,9,mine,21
glad,32,leonardo,9,confront,21
heart,32,advance,9,anymore,21
often,32,denial,9,bottom,21
treaty,32,kushner,9,shut,21
denial,32,elections,9,statement,21
child,32,society,9,language,21
director,32,road,9,ability,21
trail,32,capital,9,thoughts,21
introduce,31,whose,9,cia,21
provide,31,vladimir,9,arrest,21
disagree,31,mock,9,friday,21
immediate,31,extremely,9,soon,21
initiative,31,core,8,unprecedented,21
melt,31,problems,8,michael,21
divide,31,texas,8,islamic,21
small,31,discussions,8,ally,21
deniers,31,session,8,publicly,20
four,31,prime,8,violent,20
sustainable,31,market,8,merkel,20
presidency,31,germany,8,promise,20
direction,31,event,8,refugee,20
threats,31,carolina,8,anyone,20
hundreds,31,circle,8,connect,20
weekend,31,monday,8,figure,20
fall,31,population,8,cruz,20
cold,31,design,8,gop,20
argument,31,seek,8,ocean,20
leonardo,31,period,8,large,20
fracking,31,immigrant,8,rain,20
universal,31,senior,8,deliver,20
crowd,31,soften,8,stage,20
appear,31,equality,8,majority,20
attorney,31,opposition,8,define,20
greg,31,biden,8,rubio,20
carry,30,generations,8,six,20
guard,30,child,8,paul,20
administrator,30,progressive,8,project,20
gop,30,full,8,statements,20
ed,30,nevada,8,appear,20
decisions,30,black,8,gather,20
beautiful,30,video,8,suppose,20
local,30,activities,8,grandchildren,20
balance,30,current,8,eight,20
remark,30,assessment,8,tom,20
range,30,final,8,birther,20
david,30,terrorism,8,appeal,20
fix,30,light,8,obamacare,20
cap,30,slow,8,rex,20
stake,30,negotiations,8,india,19
critical,30,nobody,8,piece,19
overwhelm,30,test,8,quickly,19
compare,30,weigh,8,critic,19
prevent,30,ban,8,extremism,19
coverage,30,near,8,picture,19
occur,30,beach,8,voice,19
propose,30,migration,8,union,19
ted,30,supporters,8,emergency,19
movement,30,communities,8,highlight,19
headline,30,immigrants,8,predict,19
warn,29,pose,8,video,19
letter,29,despite,8,officer,19
mayors,29,priority,8,panel,19
require,29,climb,8,priorities,19
initiatives,29,movement,8,official,19
topics,29,concept,8,social,19
summer,29,applause,8,capital,19
source,29,severe,8,third,19
moments,29,believer,8,buy,19
detail,29,connectivity,8,father,19
rich,29,infrastructure,8,shock,19
thoughts,29,strike,8,model,19
canada,29,foundation,8,remain,19
choice,29,rhetoric,8,hope,19
secure,29,mission,8,sick,19
partner,29,rick,8,higher,19
equal,29,express,8,light,19
realize,29,vow,8,dicaprio,19
area,29,dicaprio,8,spicer,19
elections,29,exxon,8,somehow,19
civil,29,letter,8,direct,19
quick,28,save,8,dana,19
correspondent,28,opposite,8,ridiculous,19
poor,28,dioxide,8,wave,18
reverse,28,project,8,encyclical,18
toward,28,bret,8,none,18
rick,28,sound,8,stick,18
praise,28,collusion,8,bank,18
responsibility,28,feet,8,early,18
approve,28,realize,8,factor,18
wonder,28,allow,8,december,18
perspective,28,europeans,8,topics,18
revolution,28,culture,8,add,18
nbc,28,ed,8,experts,18
consensus,28,cool,8,degrees,18
receive,28,millions,8,greater,18
seriously,28,better,8,wildfires,18
current,28,gop,8,late,18
refuse,28,politicians,8,senior,18
appeal,28,liberals,8,specifically,18
advocate,28,prop,8,responsibility,18
necessarily,28,truth,8,ten,18
recently,28,martha,8,except,18
innovation,28,fox,8,path,18
picture,28,alternative,8,hottest,18
victory,28,glacier,8,wag,18
universities,28,las,8,represent,18
half,28,vegas,8,syrian,18
settle,28,tyrants,8,cancel,18
committee,27,jeb,7,rank,18
piece,27,regulate,7,globe,18
debt,27,necessarily,7,bomb,18
inside,27,celsius,7,direction,18
advice,27,pledge,7,simply,18
vatican,27,century,7,old,18
produce,27,urgency,7,undermine,18
prove,27,globe,7,meanwhile,18
strike,27,normal,7,louisiana,18
rubio,27,condition,7,believer,18
west,27,provide,7,eat,18
touch,27,governments,7,review,18
vision,27,often,7,employees,18
russian,27,anchorage,7,track,18
seat,27,reveal,7,brian,18
sir,27,map,7,sell,18
conversations,27,disappear,7,committee,18
younger,27,pacific,7,walk,18
argue,26,pentagon,7,disagreement,18
commitments,26,student,7,form,17
senior,26,check,7,individual,17
space,26,glaciers,7,nearly,17
police,26,catholic,7,russian,17
bold,26,director,7,ukraine,17
monday,26,pace,7,urge,17
immigrants,26,twice,7,particular,17
comprehensive,26,poor,7,destruction,17
relations,26,separate,7,minister,17
