neu_words,neu_counts,pos_words,pos_counts,neg_words,neg_counts
climate,7554,climate,8330,climate,2098
change,7502,change,8261,change,2080
president,1853,say,1980,say,487
say,1816,president,1840,go,415
go,1330,think,1522,president,392
trump,1132,go,1409,think,296
think,1063,issue,1277,people,273
issue,942,trump,1176,trump,258
talk,831,get,1021,get,245
people,779,people,1015,talk,239
get,776,make,973,issue,221
believe,719,talk,927,one,208
know,654,want,868,like,194
make,654,one,850,know,191
come,647,right,843,make,177
one,645,know,831,would,170
like,614,believe,813,world,167
obama,610,like,799,take,165
paris,587,come,684,come,155
take,580,world,679,see,146
want,572,take,643,believe,143
global,564,see,628,want,141
state,547,real,621,state,131
world,543,would,606,obama,130
see,537,state,581,paris,126
would,501,obama,575,look,120
back,479,time,554,deal,112
deal,440,good,543,call,110
time,436,paris,537,global,109
look,435,look,527,us,108
question,404,new,526,time,108
new,402,us,525,mean,107
big,392,many,502,hoax,106
us,382,deal,481,today,102
house,375,much,468,bad,99
lot,375,first,458,question,98
today,372,important,456,way,97
agreement,366,pope,450,science,96
also,356,energy,449,well,95
hoax,349,really,449,serious,95
right,347,also,439,need,94
donald,332,lot,437,lot,94
well,327,well,425,donald,92
something,327,work,417,cause,90
white,325,things,405,things,90
fight,323,donald,401,wrong,88
things,323,need,400,years,87
unite,322,today,398,country,87
science,320,global,387,threat,87
happen,316,question,384,work,84
call,314,country,383,also,84
work,308,clean,380,pope,83
warm,306,let,376,happen,83
last,306,back,374,warm,82
real,305,unite,371,agreement,81
pope,298,way,370,tell,78
could,296,something,364,even,78
whether,290,thank,359,problem,76
next,288,fight,354,unite,75
meet,286,agreement,344,something,75
need,285,interest,337,clinton,72
administration,282,job,331,could,72
let,279,hoax,327,china,69
way,269,great,322,try,68
years,262,even,315,security,68
really,259,clinton,312,house,67
country,257,threat,309,impact,66
clinton,256,happen,308,real,65
try,255,could,308,let,63
tell,250,america,301,use,63
hear,248,hear,298,right,63
energy,247,whether,295,base,63
ask,242,call,293,hear,62
american,241,thing,290,administration,62
security,240,science,289,effect,62
even,238,ask,285,fight,62
job,238,care,275,planet,62
human,229,give,274,energy,61
give,229,put,267,whether,61
address,222,house,265,fact,60
threat,220,administration,261,back,60
put,218,two,257,leave,60
much,217,years,255,campaign,59
two,217,tell,254,around,59
national,215,address,253,put,59
leave,215,part,253,point,58
epa,214,meet,251,ask,58
campaign,214,sure,248,thing,57
still,212,warm,248,care,57
cause,212,try,242,america,56
around,211,around,241,big,56
week,209,point,241,past,56
thing,207,security,240,reporter,55
debate,203,live,240,give,55
reporter,202,kind,240,worst,53
america,201,still,239,party,53
gore,200,fact,237,seem,53
lead,199,white,237,hard,52
care,199,reporter,236,already,52
part,198,big,231,vote,52
first,197,national,230,white,52
speak,196,debate,229,two,51
accord,196,plan,228,meet,51
focus,194,last,226,national,51
action,194,top,221,sanders,50
policy,189,american,217,every,50
move,189,leave,217,still,50
plan,188,hillary,214,address,49
use,188,start,214,poor,49
actually,187,campaign,211,really,49
problem,186,immigration,210,live,49
year,185,concern,208,course,48
leaders,184,scientists,205,day,47
republican,182,economy,205,behind,47
china,182,planet,205,view,47
point,181,next,204,decision,46
immigration,180,gore,204,worse,46
political,178,face,201,little,45
live,178,trade,200,job,45
mean,172,al,199,economy,45
thank,169,move,197,help,45
help,168,epa,197,gore,45
hillary,168,combat,195,immigration,44
start,168,lead,192,agree,44
al,167,speak,192,leaders,44
view,166,focus,191,weather,44
countries,166,republican,190,epa,44
scientists,166,together,190,bring,44
answer,165,leaders,189,continue,44
concern,163,problem,189,fuel,44
impact,163,policy,188,much,44
chinese,157,help,188,republican,43
environmental,156,show,188,concern,43
show,156,action,186,next,43
may,154,bring,185,plan,43
different,152,day,184,part,43
republicans,152,cause,182,hillary,43
sanders,152,countries,182,isis,43
planet,151,agree,182,money,43
bring,151,republicans,182,environment,42
day,150,sanders,176,expect,42
another,149,report,175,scientists,42
head,149,accord,175,run,41
report,149,impact,175,debate,41
party,149,use,175,republicans,41
health,149,china,173,affect,41
trade,148,power,169,find,41
international,146,do,167,face,41
course,145,may,166,american,41
environment,144,york,165,human,40
position,144,join,163,join,40
secretary,144,water,162,show,40
every,143,party,162,understand,40
major,141,view,162,problems,40
former,141,number,160,lead,40
fact,141,support,159,military,40
seem,140,democrats,159,week,40
bill,140,secretary,156,idea,39
sign,138,week,156,combat,39
summit,137,find,156,news,39
number,136,every,155,year,39
end,136,year,155,least,39
man,136,position,154,ca,39
combat,134,better,154,guy,38
deny,133,challenge,154,countries,38
government,132,clear,153,start,38
understand,132,environment,153,bill,38
keep,132,understand,153,rise,38
already,131,americans,152,al,38
include,131,continue,151,emissions,37
continue,131,man,150,move,37
carbon,129,economic,149,word,37
agree,129,another,149,head,37
future,128,government,149,side,37
join,126,best,149,dangerous,37
run,126,actually,148,senator,37
ca,125,effect,148,democrats,36
open,125,term,147,carbon,36
conference,125,rise,146,away,36
term,124,course,146,devastate,36
expect,123,political,146,last,36
emissions,122,carbon,145,storm,36
find,122,able,145,fossil,36
pruitt,122,vote,144,everything,35
protect,121,environmental,144,oil,35
stand,121,create,143,nuclear,35
create,120,stand,143,bernie,35
activity,120,mean,141,difficult,35
general,120,bernie,140,new,35
vote,119,answer,139,deny,35
money,119,health,139,play,34
ago,119,terrorism,139,stand,34
place,119,human,138,listen,34
support,119,include,137,stop,34
speech,118,end,137,company,34
effect,118,congress,137,speak,34
democrats,118,feel,136,another,34
congress,117,future,136,may,33
rise,116,tax,135,green,33
decision,116,seem,135,position,33
face,115,morning,135,number,33
bernie,115,fuel,134,together,33
level,114,ca,134,level,33
pull,114,money,131,seriously,33
away,113,protect,131,answer,33
tweet,113,summit,129,sign,32
war,112,message,129,secretary,32
set,112,place,128,policy,32
public,112,news,128,report,32
power,112,biggest,128,reality,32
economy,112,air,128,support,32
biggest,112,guy,126,cold,32
together,111,deny,125,environmental,31
break,111,break,124,thank,31
washington,110,senator,122,biggest,31
order,110,yes,121,term,31
word,110,example,121,act,31
weather,109,play,121,keep,30
step,109,level,120,coal,30
news,108,agenda,120,create,30
alaska,108,matter,120,system,30
do,106,washington,119,maybe,30
senator,106,welcome,119,focus,30
fuel,105,leader,118,water,29
listen,105,business,118,crisis,29
feel,105,ahead,118,break,29
message,105,run,117,keystone,29
attack,105,become,117,crazy,29
york,105,keep,115,justice,29
ahead,104,sign,115,tough,29
francis,104,maybe,115,accord,29
maybe,104,record,115,international,29
agency,104,stop,115,scientific,29
far,103,isis,114,contribute,28
guy,103,greatest,114,leadership,28
department,103,decision,113,cut,28
push,103,far,113,protect,28
important,102,free,113,agenda,28
policies,102,love,113,since,28
governor,102,pruitt,113,california,28
leadership,102,role,112,rest,28
side,101,francis,111,end,28
clear,100,might,111,women,28
storm,100,certainly,111,trade,28
spend,100,already,111,fund,28
russia,100,speech,110,attack,28
matter,99,reason,110,activity,27
little,98,raise,110,role,27
record,98,strong,110,oppose,27
terrorism,98,tonight,110,yeah,27
past,98,build,109,do,27
sort,98,pull,109,step,27
mention,97,discuss,108,india,27
gas,96,russia,108,pull,27
agenda,96,step,108,movement,27
hard,96,chinese,108,chinese,27
since,96,system,107,denier,27
study,96,different,107,never,26
tonight,95,okay,106,conference,26
night,95,emissions,106,pipeline,26
election,95,word,106,criminal,26
build,93,push,106,government,26
stay,91,forward,106,less,26
mind,91,huge,105,nations,26
regulations,91,always,105,nothing,26
isis,90,side,105,foreign,26
nations,90,bill,105,almost,26
name,90,win,105,actually,26
everything,90,women,105,skeptical,26
water,89,nations,104,common,25
raise,89,major,104,sea,25
might,89,head,104,reform,25
interest,89,ago,103,man,25
long,88,listen,103,summit,25
become,88,true,103,terror,25
sea,88,sort,102,health,25
play,88,never,102,blame,25
iran,87,international,102,air,25
reason,87,alaska,101,tweet,25
quote,86,mind,101,read,24
discuss,86,stay,100,former,24
tax,86,spend,100,increase,24
john,86,leadership,99,threats,24
three,86,pay,98,watch,24
coal,85,away,98,inequality,24
act,85,gun,98,hope,24
scott,84,fossil,97,anything,24
across,83,ever,97,tonight,24
later,83,act,97,include,24
march,83,democratic,96,order,24
yes,82,governor,96,place,24
company,82,everything,96,iran,24
couple,82,crisis,95,long,24
industry,82,voters,95,feel,24
women,82,policies,95,matter,24
yesterday,81,earth,95,evil,24
begin,81,since,94,flood,23
air,81,conference,94,scientist,23
nuclear,81,nation,94,destroy,23
least,81,significant,94,earth,23
middle,81,anything,94,record,23
crisis,80,whole,94,congress,23
fossil,80,florida,94,governor,23
cut,80,hold,93,challenge,23
anything,80,tweet,93,case,23
contribute,79,election,93,might,22
americans,79,public,92,days,22
economic,79,coal,92,democratic,22
leader,79,war,91,late,22
many,79,press,91,message,22
forward,79,set,91,gas,22
lose,79,yesterday,91,pay,22
reduce,78,mention,91,legislation,22
military,78,oil,91,war,22
enough,78,absolutely,90,mind,22
key,77,weather,90,political,22
earth,77,storm,90,fake,22
executive,77,sea,89,mention,22
role,77,affect,89,raise,22
challenge,76,inequality,88,without,22
earlier,76,politics,88,francis,21
denier,76,moment,87,violent,21
worry,75,former,87,first,21
days,75,pretty,87,group,21
hold,75,california,86,washington,21
yet,75,community,85,conversation,21
visit,75,scientist,85,study,21
wall,75,college,85,line,21
always,75,latest,84,future,21
democratic,75,watch,84,reason,21
business,75,gas,84,greg,21
florida,75,person,84,bite,20
sit,74,home,84,begin,20
home,74,turn,84,discuss,20
turn,74,life,84,north,20
conversation,74,candidate,83,worry,20
base,74,open,83,fail,20
group,73,children,83,someone,20
california,73,line,83,tax,20
good,73,presidential,82,vice,20
warn,72,across,82,department,20
morning,72,order,82,community,20
scientific,72,hope,82,candidate,20
affect,72,expect,81,wall,20
reality,72,exactly,81,mayor,20
bite,72,probably,81,russia,20
community,71,nuclear,81,pruitt,20
moment,71,obviously,81,grow,20
candidate,71,income,80,risk,20
fund,70,especially,80,efforts,19
watch,70,chris,80,kill,19
media,70,industry,80,life,19
inequality,70,saw,79,push,19
serious,70,john,79,across,19
green,70,scott,79,business,19
team,70,visit,79,information,19
oil,69,days,78,force,19
announce,69,problems,78,dramatic,19
almost,69,general,78,slow,19
case,69,conversation,78,alaska,19
someone,69,yeah,77,forward,19
tillerson,69,decide,76,claim,19
foreign,68,begin,76,different,19
federal,68,company,76,ahead,19
press,68,front,75,sort,19
life,68,city,75,night,19
roll,68,idea,75,extreme,19
never,67,story,75,program,19
remember,67,north,75,florida,19
trip,66,kid,75,scott,19
everybody,66,iran,75,die,19
millions,66,attack,74,hand,19
wo,66,cnn,73,media,19
politics,66,reality,73,constitute,19
discussion,66,march,73,pick,18
young,66,denier,73,grind,18
weeks,66,opportunity,72,promise,18
city,66,everybody,72,ever,18
gun,66,three,72,sit,18
whole,66,department,72,senate,18
without,65,weeks,71,hate,18
list,65,name,71,deniers,18
income,65,enough,70,comment,18
grind,65,coast,70,ability,18
control,65,humans,70,prepare,18
pay,65,activity,70,police,18
ever,65,almost,69,basically,18
obviously,65,poll,69,black,18
historic,65,special,69,hit,18
stop,65,hour,69,must,18
terror,65,high,69,politics,18
increase,64,save,69,example,18
relate,64,nothing,69,open,18
several,64,wall,69,stay,18
north,64,flood,68,data,18
officials,64,sound,68,nation,18
second,63,though,68,hurricane,18
center,63,history,68,morning,17
single,63,everyone,68,policies,17
program,63,happy,68,spend,17
saw,63,pick,68,income,17
promise,63,scientific,67,small,17
withdraw,63,fair,67,set,17
pipeline,62,marriage,67,defend,17
nothing,62,wage,67,poverty,17
massive,62,terror,67,tackle,17
risk,62,somebody,67,john,17
arctic,62,fund,67,couple,17
hope,62,senate,67,unless,17
voters,62,trip,67,industry,17
candidates,61,grow,67,afraid,17
possible,61,someone,67,gun,17
efforts,61,share,66,action,17
vice,61,among,66,reduce,17
clean,61,elect,66,york,17
keystone,60,worry,65,major,17
flood,60,bite,65,exist,17
claim,60,list,65,sorry,17
comment,60,reduce,65,respect,17
months,60,particularly,65,truth,17
force,60,young,65,disagree,17
office,60,candidates,64,involve,17
reform,60,office,64,millions,17
disagree,59,pollution,64,sure,17
presidential,59,media,64,name,17
cnn,59,perhaps,64,press,17
history,59,case,63,jam,17
idea,58,remember,63,quote,16
plus,58,long,62,terrorism,16
story,58,social,62,home,16
front,58,lose,62,power,16
senate,58,second,62,warn,16
acknowledge,58,disagree,62,yesterday,16
hurricane,57,arctic,62,form,16
line,57,risk,62,ago,16
less,57,night,62,disappoint,16
entire,57,comment,61,shoot,16
system,57,hand,61,fire,16
hour,57,vice,61,solve,16
reach,57,liberal,61,hold,16
chris,57,education,61,sense,16
though,57,little,60,acknowledge,16
folks,56,tackle,60,reach,16
poverty,56,evidence,60,invent,16
south,56,executive,60,remember,16
send,56,gay,59,officials,16
wage,56,follow,59,exxon,16
deniers,56,study,59,illegal,16
certainly,56,reach,59,write,16
absolutely,55,threats,59,oh,16
example,55,reform,58,always,16
rest,55,others,58,hurricanes,16
transition,54,ways,58,three,15
pollution,54,key,58,immediate,15
behind,54,yet,58,ukraine,15
justice,54,regulations,58,conservatives,15
event,54,else,58,become,15
wrong,54,europe,58,cnn,15
doubt,54,transform,58,burn,15
thousands,53,miami,58,response,15
kid,53,promise,58,refugees,15
likely,53,hurricane,58,speech,15
decide,52,powerful,57,middle,15
threaten,52,putin,57,visit,15
follow,52,contribute,57,subject,15
others,52,federal,57,public,15
generation,52,program,57,compare,15
longer,52,rest,57,later,15
especially,52,grind,56,send,15
read,52,poverty,56,everybody,15
protection,52,effort,56,europe,15
suggest,52,plus,56,shock,15
tomorrow,51,will,56,yet,15
events,51,cut,56,executive,15
greenhouse,51,control,56,wage,15
surprise,51,withdraw,56,enough,15
humans,51,tillerson,56,americans,15
grow,51,couple,55,either,15
social,51,group,55,heat,15
opinion,51,explain,55,shut,15
nation,51,learn,55,consequences,15
write,51,announce,55,presidential,15
everyone,51,accept,55,stance,15
cost,51,consider,55,key,15
person,51,syria,55,election,15
ivanka,51,minimum,54,plus,15
refuse,50,blame,54,evidence,15
save,50,without,54,note,15
among,50,battle,54,inconvenient,15
oppose,50,interview,54,interest,14
miami,50,century,54,none,14
syria,49,suggest,54,extremism,14
extreme,49,folks,54,liberal,14
college,49,release,53,develop,14
plant,49,sit,53,stuff,14
barack,49,close,53,threaten,14
consider,49,involve,53,arctic,14
temperatures,49,regard,53,sick,14
topic,49,generation,53,build,14
essentially,49,commit,53,children,14
attorney,49,read,53,despite,14
else,48,middle,53,humans,14
difference,48,clearly,53,earlier,14
chance,48,legacy,53,city,14
probably,48,quite,53,figure,14
sense,48,agency,53,doubt,14
areas,48,cities,53,pass,14
yeah,48,school,53,mistake,14
perhaps,48,solution,52,failure,14
france,48,quote,52,return,14
interview,48,court,52,drought,14
million,48,rule,52,wo,14
top,48,send,52,juan,14
hurricanes,48,cost,52,texas,13
pick,48,father,52,release,13
problems,47,expand,52,capitalism,13
pass,47,discussion,51,merkel,13
hours,47,basically,51,lie,13
finally,47,book,51,pledge,13
poll,47,earlier,51,fear,13
street,47,certain,51,stupid,13
personal,47,temperatures,50,massive,13
common,47,must,50,weak,13
ally,47,ice,50,probably,13
protest,47,approach,50,hours,13
respect,47,hop,50,ice,13
mark,46,deniers,50,immigrants,13
fire,46,less,50,everyone,13
poor,46,respect,50,person,13
statement,46,ivanka,50,half,13
ways,46,girl,50,secret,13
east,46,increase,49,march,13
children,46,relationship,49,saw,13
basically,46,areas,49,weeks,13
defend,46,base,49,story,13
blame,45,oppose,49,reject,13
moral,45,greenhouse,49,accept,13
opportunity,45,single,49,else,13
close,45,research,49,especially,13
hand,45,hit,49,law,13
pretty,45,officials,49,kid,13
heat,44,growth,49,represent,13
along,44,primary,49,yes,13
progress,44,overwhelm,49,effort,13
response,44,tomorrow,48,applause,13
tackle,44,administrator,48,miami,13
minimum,44,street,48,cruz,13
subject,44,sense,48,voters,13
majority,44,amount,48,anger,13
high,44,longer,48,chief,13
skeptic,44,develop,48,landmark,13
scientist,44,nice,48,team,13
coast,43,voice,48,false,13
share,43,despite,48,manmade,13
develop,43,fire,47,intelligence,13
aim,43,particular,47,complicate,13
wonder,43,thousands,47,rather,13
directly,43,extreme,47,jesse,13
month,43,touch,47,bush,12
regard,43,millions,47,box,12
walk,43,million,47,stick,12
members,43,roll,47,among,12
involve,43,responsible,46,surprise,12
ice,43,applause,46,church,12
learn,43,transition,46,events,12
rally,43,process,46,fall,12
accept,43,solve,46,rule,12
commit,43,efforts,46,leader,12
bush,42,millennials,46,repeatedly,12
limit,42,attention,45,ways,12
due,42,pipeline,45,terrible,12
board,42,event,45,result,12
private,42,abortion,45,encourage,12
post,42,likely,45,front,12
information,42,large,45,chris,12
hit,42,controversial,45,true,12
exist,42,response,45,website,12
education,42,claim,45,center,12
manmade,41,barack,45,list,12
release,41,members,45,ted,12
final,41,minutes,45,eight,12
rule,41,difference,45,birther,12
travel,41,safe,45,lose,12
goal,41,hard,45,transform,12
legacy,41,write,44,chance,12
facts,41,wo,44,ally,12
respond,41,wait,44,school,12
bigger,41,threaten,44,measure,12
putin,41,result,44,others,12
stage,41,renewable,44,billion,12
jim,40,protest,44,previous,12
recent,40,along,44,situation,12
father,40,six,44,describe,12
race,40,serious,44,opportunity,12
reaction,40,drive,44,discussion,12
prepare,40,jam,44,putin,12
school,40,facts,44,tucker,12
degree,39,surprise,43,abortion,11
detail,39,church,43,family,11
announcement,39,race,43,angela,11
late,39,urgent,43,thousands,11
minutes,39,eye,43,korea,11
families,39,warn,43,areas,11
conservative,39,land,43,decades,11
particularly,39,plant,43,control,11
somebody,39,protection,43,argue,11
argument,39,shoot,43,court,11
critical,38,hurricanes,43,poll,11
evidence,38,cover,42,unfortunately,11
sound,38,later,42,tomorrow,11
degrees,38,super,42,though,11
police,38,bush,42,longer,11
half,38,limit,42,dirty,11
battle,38,conservative,42,source,11
data,38,natural,42,effective,11
refugees,38,korea,42,travel,11
damage,38,legislation,41,coast,11
four,38,foreign,41,many,11
truth,38,acknowledge,41,france,11
approach,37,post,41,friday,11
billion,37,joe,41,wait,11
merkel,37,majority,41,awful,11
result,37,ready,41,class,11
influence,37,hurt,41,college,11
kerry,37,argument,41,obamacare,11
drive,37,stage,41,anybody,11
add,37,directly,41,turn,11
frankly,37,die,40,minimum,11
true,37,events,40,consensus,11
french,37,manmade,40,area,11
effort,37,generations,40,economic,11
dollars,37,conservatives,40,clearly,11
korea,37,area,40,target,11
settle,37,beyond,40,argument,11
instead,36,either,40,lack,11
destroy,36,infrastructure,40,refuse,11
tough,36,differences,40,hour,11
five,36,whatever,40,aim,11
room,36,billion,40,angry,11
eye,36,drought,39,congressman,11
range,36,keystone,39,harder,11
consensus,36,progress,39,land,11
civil,36,catholic,39,consider,11
either,36,proud,39,statement,11
technology,36,information,39,steve,11
land,36,solar,39,language,11
six,36,family,39,predict,11
defense,36,higher,39,instead,11
check,36,cuba,39,bigger,11
stuff,35,full,39,islam,11
wait,35,fox,39,warmer,11
reject,35,data,39,opinion,11
link,35,dollars,39,possible,10
anyone,35,defense,39,weigh,10
threats,35,greg,39,candidates,10
kill,35,girls,39,conservative,10
trail,35,relate,38,advocate,10
legislation,35,justice,38,chancellor,10
liberal,35,refugees,38,link,10
literally,35,drill,38,cost,10
cancel,35,communities,38,announce,10
clearly,35,five,38,difference,10
hurt,35,throughout,38,politicians,10
law,35,several,38,uncomfortable,10
minister,34,specifically,38,god,10
critics,34,four,38,urgent,10
largest,34,men,38,sound,10
marriage,34,recognize,38,attention,10
brown,34,priority,38,temperatures,10
applause,34,supporters,38,season,10
court,34,note,37,perspective,10
within,34,military,37,transportation,10
note,34,jim,37,double,10
beyond,34,guess,37,rate,10
present,34,recent,37,board,10
research,34,soon,37,west,10
cities,34,outside,37,violence,10
sean,34,strike,37,throw,10
spicer,34,topic,37,investigation,10
shift,33,embrace,37,wealth,10
temperature,33,main,37,suggest,10
mayor,33,present,37,regulations,10
voice,33,team,37,elect,10
figure,33,instead,37,progressive,10
explain,33,statement,37,cheer,10
natural,33,green,37,ignore,10
small,33,page,37,commander,10
cuba,33,stuff,37,tactics,10
shoot,33,popular,36,recount,10
specifically,33,ability,36,folks,10
decades,33,add,36,whatever,10
family,33,class,36,skeptics,10
solve,33,families,36,decide,10
sure,33,urge,36,paul,10
european,33,refuse,36,agency,10
attention,33,chance,36,soon,10
landmark,33,advance,36,collect,10
table,33,allow,36,workers,10
class,33,france,36,nominee,10
whatever,33,exxon,36,facts,10
remain,33,hundreds,36,six,10
mike,33,host,36,tank,10
review,33,unprecedented,36,radical,10
administrator,33,cabinet,36,often,10
macron,33,heat,35,suppose,10
businesses,32,respond,35,tower,10
west,32,easy,35,syria,10
catholic,32,goal,35,obviously,10
december,32,ten,35,agencies,10
appreciate,32,greater,35,guess,10
block,32,within,35,model,10
process,32,possible,35,tyrants,10
ready,32,link,35,settle,9
rubio,32,please,35,trip,9
specific,32,east,35,russian,9
brief,32,frankly,35,aggression,9
europe,32,degree,35,germany,9
page,32,merkel,35,reporters,9
demand,32,mark,35,wildfires,9
represent,32,reaction,35,temperature,9
current,32,bret,35,plant,9
oklahoma,32,largest,34,rain,9
simple,32,kill,34,decline,9
hundreds,32,strategy,34,million,9
era,32,appreciate,34,close,9
relationship,32,document,34,melt,9
lie,32,defend,34,disappear,9
greg,32,debt,34,beyond,9
urgent,31,website,34,impossible,9
strategy,31,connect,34,project,9
drought,31,travel,34,agreements,9
value,31,citizens,34,finance,9
host,31,experience,34,whole,9
church,31,nominee,34,mission,9
worse,31,oh,34,save,9
deliver,31,nobody,34,current,9
regulation,31,represent,34,due,9
sell,31,doubt,34,federal,9
perspective,31,choose,34,vulnerable,9
conservatives,31,fracking,34,fix,9
describe,31,vatican,33,goal,9
third,31,food,33,greenhouse,9
manufacture,31,ocean,33,globe,9
bad,31,argue,33,degree,9
solution,31,opinion,33,corrupt,9
peace,31,target,33,follow,9
hop,31,discussions,33,occur,9
quite,31,rally,33,denial,9
account,31,melt,33,great,9
website,31,law,33,service,9
outside,31,subject,33,trail,9
gather,31,massive,33,protection,9
potential,31,ban,33,golf,9
picture,31,immediate,33,reaction,9
soon,31,dicaprio,33,far,9
short,31,simple,33,bully,9
obamacare,31,angela,33,sometimes,9
fall,31,tuition,32,dicaprio,9
sue,31,center,32,pronounce,9
must,30,convince,32,market,9
correspondent,30,stake,32,road,9
touch,30,historic,32,imagine,9
official,30,chief,32,expensive,9
draft,30,democrat,32,ivanka,9
kind,30,beautiful,32,delegation,9
choose,30,obamacare,32,tillerson,9
burn,30,months,32,insane,9
amount,30,third,32,factor,9
century,30,favor,32,post,9
moments,30,force,32,sad,9
miss,30,ally,32,louisiana,9
girl,30,progressive,32,environmentalists,9
measure,30,friday,32,remark,9
panel,30,peace,32,generation,9
occur,30,suppose,32,clear,9
elect,30,month,32,standards,9
serve,30,alone,32,page,9
alone,30,trail,32,europeans,9
cabinet,30,billions,32,important,9
cold,30,tucker,32,absurd,9
melt,29,describe,31,battle,9
twitter,29,crowd,31,stronger,9
ten,29,ambitious,31,phrase,9
germany,29,ed,31,priority,9
weekend,29,hours,31,religion,9
woman,29,affordable,31,specific,9
cover,29,exist,31,eat,9
source,29,headline,31,director,9
skeptics,29,priorities,31,horrific,9
charge,29,positive,31,communities,8
better,29,invest,31,disaster,8
denial,29,choice,31,demand,8
recently,29,pose,31,food,8
suppose,29,entire,31,along,8
chief,29,anyone,31,michael,8
direction,29,perpetrate,31,grateful,8
priority,29,tower,31,moral,8
direct,29,sean,31,five,8
reporters,29,guard,30,border,8
exxon,29,politicians,30,emergency,8
committee,28,gop,30,solution,8
india,28,price,30,mexico,8
canada,28,anybody,30,detail,8
differences,28,topics,30,therefore,8
often,28,prove,30,relations,8
harder,28,decades,30,remain,8
conflict,28,stronger,30,joe,8
reverse,28,detail,30,host,8
engage,28,cap,30,woman,8
ban,28,engage,30,whose,8
agreements,28,private,30,dollars,8
experience,28,presidency,30,treaty,8
movement,28,figure,30,avoid,8
despite,28,protesters,30,towards,8
consequences,28,environmentalists,30,men,8
game,28,board,30,light,8
apparently,28,brown,30,nobody,8
nominee,28,age,30,somebody,8
investigation,28,spicer,30,street,8
rex,28,fascinate,30,waste,8
highlight,27,rather,30,capital,8
men,27,quickly,29,everyday,8
activists,27,stance,29,lay,8
throughout,27,prime,29,fracking,8
democrat,27,police,29,virtually,8
negotiate,27,burn,29,hurt,8
generations,27,aggressive,29,pentagon,8
recognize,27,measure,29,citizens,8
exactly,27,development,29,marco,8
oh,27,receive,29,influence,8
cooperation,27,value,29,cabinet,8
draw,27,appeal,29,indeed,8
buy,27,finally,29,entire,8
criticize,27,seven,29,respond,8
invent,27,mass,29,general,8
headline,27,truth,29,approach,8
texas,26,french,29,table,8
russian,26,ignore,29,elections,8
union,26,leonardo,29,spot,8
series,26,director,29,series,8
houston,26,block,29,relate,8
aggressive,26,extraordinary,29,roll,8
wave,26,balance,29,buy,8
main,26,steve,29,second,8
nearly,26,severe,28,sean,8
return,26,introduce,28,unfair,8
believer,26,hot,28,strike,8
remark,26,fall,28,appear,8
congressman,26,nearly,28,approval,8
infrastructure,26,towards,28,obsess,8
topics,26,wealth,28,video,8
abortion,26,moral,28,generations,8
development,26,glad,28,materials,8
allow,26,mayor,28,excavation,8
cia,26,tie,28,check,8
wake,26,friends,28,liberals,8
presidency,26,wind,28,movie,8
free,26,wonder,28,perpetrate,8
pressure,26,reject,28,negative,8
nobody,26,light,28,endorse,7
decisions,26,dana,28,core,7
publicly,26,buy,28,months,7
agencies,26,specific,28,early,7
angela,26,fear,28,forefront,7
prime,25,skeptic,28,commit,7
jeb,25,divide,28,weapons,7
mistake,25,bigger,28,south,7
senior,25,confidence,28,reference,7
similar,25,realize,28,average,7
resources,25,technology,28,eye,7
pose,25,admit,28,degrees,7
immediate,25,committee,28,clean,7
zero,25,consensus,28,barack,7
park,25,commitment,28,brutal,7
transform,25,talents,28,dangers,7
disaster,25,toward,27,treat,7
local,25,rick,27,largest,7
bear,25,early,27,religious,7
criminal,25,mayors,27,experience,7
arrive,25,afternoon,27,room,7
immigrants,25,past,27,sanford,7
target,25,degrees,27,jim,7
anybody,25,financial,27,differences,7
inside,25,kerry,27,east,7
black,25,pass,27,protest,7
discussions,25,remark,27,criticize,7
project,25,rich,27,certainly,7
tom,25,west,27,correspondent,7
concept,25,instance,27,jump,7
nato,25,gather,27,race,7
completely,25,supreme,27,canada,7
perpetrate,25,throw,27,essentially,7
millennials,25,weekend,27,provide,7
fear,25,attorney,27,terrorist,7
budget,25,universities,27,weekend,7
fox,25,walk,27,bottom,7
employees,25,picture,27,perhaps,7
definition,25,appear,27,per,7
guess,25,movement,27,infrastructure,7
tucker,25,quick,26,businesses,7
attend,24,summer,26,terrify,7
rain,24,god,26,frustrate,7
iraq,24,stick,26,cities,7
prevent,24,minister,26,era,7
express,24,factor,26,embrace,7
vatican,24,child,26,transition,7
cruz,24,provide,26,amount,7
spread,24,correspondent,26,et,7
communities,24,stories,26,month,7
religious,24,coverage,26,education,7
weigh,24,disaster,26,existence,7
anymore,24,check,26,boo,7
stake,24,hottest,26,share,7
stick,24,david,26,ban,7
particular,24,strongly,26,decisions,7
seat,24,relations,26,minutes,7
coverage,24,religious,26,activists,7
environmentalists,24,charge,26,highlight,7
slow,24,pledge,26,completely,7
higher,24,effectively,26,unfit,7
fix,24,imagine,26,miss,7
piece,24,critical,26,equity,7
appeal,24,grandchildren,26,zero,7
advocate,24,secure,26,cia,7
old,24,encourage,26,conflict,7
billions,24,denial,26,constitution,7
letter,24,series,26,ones,7
thoughts,24,reporters,26,shift,7
juan,24,oklahoma,26,exactly,7
admit,23,platform,26,pump,7
tie,23,mike,26,defense,7
capitalism,23,cancel,26,topic,7
encyclical,23,prize,26,pollution,7
connect,23,agencies,26,somehow,7
benefit,23,macron,26,outside,7
large,23,maximize,26,withdraw,7
price,23,struggle,25,assume,7
drill,23,signal,25,simple,7
director,23,essentially,25,will,7
urge,23,damage,25,complex,7
stance,23,woman,25,walk,7
wealth,23,december,25,particularly,7
reference,23,final,25,statements,7
ones,23,market,25,kind,7
hottest,23,temperature,25,sanction,7
growth,23,town,25,connect,7
commitment,23,comprehensive,25,segment,7
equal,23,opportunities,25,catch,7
treaty,23,warmer,25,except,7
town,23,sustainable,25,naval,7
goals,23,small,25,recognize,7
mine,23,often,25,charge,7
supreme,23,nbc,25,kevin,7
require,23,occur,25,distraction,7
will,23,cruz,25,fault,7
door,23,successful,25,ridiculous,7
powerful,23,negotiate,25,enemy,7
simply,23,influence,25,thoughts,7
exxonmobil,23,brian,25,manufacture,7
bret,23,confirmation,25,social,7
argue,22,serve,25,weird,7
nature,22,fine,25,december,7
gop,22,prepare,24,interview,7
globe,22,safety,24,milk,7
food,22,piece,24,resignation,7
certain,22,literally,24,oklahoma,6
provide,22,inside,24,marriage,6
service,22,confront,24,monday,6
defeat,22,anymore,24,kerry,6
rather,22,wake,24,celsius,6
trouble,22,aim,24,prevent,6
welcome,22,shift,24,heavy,6
seven,22,expert,24,deliver,6
huge,22,short,24,ohio,6
near,22,religion,24,historic,6
politicians,22,contrast,24,gop,6
cap,22,thoughts,24,dam,6
priorities,22,manufacture,24,mine,6
situation,22,streets,24,aid,6
joe,22,compare,24,severe,6
ability,22,sunday,24,better,6
progressive,22,european,24,officer,6
stories,22,nato,24,turkey,6
attempt,22,agreements,24,vulnerabilities,6
meanwhile,22,invent,24,possibly,6
propose,22,ensure,24,arrive,6
low,22,nobel,24,gather,6
great,22,settle,24,pattern,6
michael,22,rex,24,nearly,6
fast,22,revolution,24,adapt,6
extent,22,irma,24,representatives,6
book,22,glaciers,23,rank,6
solutions,22,union,23,homeland,6
skeptical,22,situation,23,cleaner,6
david,22,vladimir,23,drop,6
jam,22,encyclical,23,ill,6
vow,22,announcement,23,stake,6
steve,22,monday,23,pressure,6
rick,22,produce,23,quite,6
harvey,22,language,23,within,6
